entry_id,policy_id,country,region_scale,region,policy_type,policy_sub_type,policy_measure,policy_scope,target_region_scale,target_region,target_direction,compliance,enforcer,record_type,date_announce,date_start,date_end,date_end_type,event_description,source type,link,created_by,verified_by,verification_notes
FY-60-1,X1,China,national,Beijing,Businesses,Adapting,Hygiene,supermarkets,,,,recommended,municipal_government,new,2/15/2020,2/15/2020,,,"Health protection guide for supermarkets, implemented on 2/15/2020",Government announcement,http://www.beijing.gov.cn/zhengce/zhengcefagui/202002/t20200218_1647596.html,Xinyi,,
FY-60-2,X2,China,national,Beijing,Businesses,Adapting,Physical distancing,supermarkets,,,,recommended,municipal_government,new,2/15/2020,2/15/2020,,,"Health protection guide for supermarkets, implemented on 2/15/2020",Government announcement,http://www.beijing.gov.cn/zhengce/zhengcefagui/202002/t20200218_1647596.html,Xinyi,,
FY-60-3,X3,China,national,Beijing,Businesses,Adapting,limiting numbers,supermarkets,,,,recommended,municipal_government,new,2/15/2020,2/15/2020,,,"Health protection guide for supermarkets, implemented on 2/15/2020",Government announcement,http://www.beijing.gov.cn/zhengce/zhengcefagui/202002/t20200218_1647596.html,Xinyi,,
FY-60-4,X4,China,national,Beijing,Businesses,Closing,Partial closure,supermarkets,,,,recommended,municipal_government,new,2/15/2020,2/15/2020,,,"Health protection guide for supermarkets, implemented on 2/15/2020",Government announcement,http://www.beijing.gov.cn/zhengce/zhengcefagui/202002/t20200218_1647596.html,Xinyi,,
GY-1-1,X5,China,municipal,Beijing,Businesses,Adapting,Hygiene,parks,,,,recommended,municipal_government,new,2/17/2020,2/17/2020,,,"Health protection guide for parks, implemented on 2/17/2020",Government announcement,http://www.beijing.gov.cn/zhengce/zhengcefagui/202002/t20200217_1645695.html,Xinyi,,
GY-1-2,X6,China,municipal,Beijing,Businesses,Adapting,Physical distancing,parks,,,,recommended,municipal_government,new,2/17/2020,2/17/2020,,,"Health protection guide for parks, implemented on 2/17/2021",Government announcement,http://www.beijing.gov.cn/zhengce/zhengcefagui/202002/t20200217_1645695.html,Xinyi,,
GY-1-3,X7,China,municipal,Beijing,Businesses,Closing,,parks,,,,recommended,municipal_government,new,2/17/2020,2/17/2020,,,"Health protection guide for parks, implemented on 2/17/2022",Government announcement,http://www.beijing.gov.cn/zhengce/zhengcefagui/202002/t20200217_1645695.html,Xinyi,,
RS-4,X8,China,national,Beijing,Domestic travel,Restriction movement,Supervision,migrant_workers,national,China,inbound,mandatory,national_government,new,2/19/2020,2/19/2020,,,Announcement on service guarantee for returning to work and production of migrant workers,Government announcement,http://www.beijing.gov.cn/zhengce/zhengcefagui/202003/t20200312_1697994.html,Xinyi,,
JF-32-1,X9,China,municipal,Beijing,Offices,Adapting,Hygiene,construction industry,,,,mandatory,municipal_government,new,2/19/2020,2/19/2020,,,Announcement on enhance health protection of construction industry offices,Government announcement,http://www.beijing.gov.cn/zhengce/zhengcefagui/202002/t20200220_1662759.html,Xinyi,,
JF-32-2,X10,China,municipal,Beijing,Offices,Adapting,Modifying hours,construction industry,,,,mandatory,municipal_government,new,2/19/2020,2/19/2020,,,Announcement on enhance health protection of construction industry offices,Government announcement,http://www.beijing.gov.cn/zhengce/zhengcefagui/202002/t20200220_1662759.html,Xinyi,,
JF-32-3,X11,China,municipal,Beijing,Offices,Adapting,limiting numbers,construction industry,,,,mandatory,municipal_government,new,2/19/2020,2/19/2020,,,Announcement on enhance health protection of construction industry offices,Government announcement,http://www.beijing.gov.cn/zhengce/zhengcefagui/202002/t20200220_1662759.html,Xinyi,,
JF-32-4,X12,China,municipal,Beijing,Offices,Adapting,Physical distancing,construction industry,,,,mandatory,municipal_government,new,2/19/2020,2/19/2020,,,Announcement on enhance health protection of construction industry offices,Government announcement,http://www.beijing.gov.cn/zhengce/zhengcefagui/202002/t20200220_1662759.html,Xinyi,,
JF-32-5,X13,China,municipal,Beijing,Offices,Closing,Partial closure,construction industry,,,,mandatory,municipal_government,new,2/19/2020,2/19/2020,,,Announcement on enhance health protection of construction industry offices,Government announcement,http://www.beijing.gov.cn/zhengce/zhengcefagui/202002/t20200220_1662759.html,Xinyi,,
RS-23-1,X14,China,municipal,Beijing,Offices,Adapting,Hygiene,,,,,recommended,municipal_government,new,2/19/2020,2/19/2020,,,Implementation Opinions on resumption of work and production in Enterprises,Government announcement,http://www.beijing.gov.cn/zhengce/zhengcefagui/202002/t20200229_1672939.html,Xinyi,,
RS-23-2,X15,China,municipal,Beijing,Offices,Adapting,Modifying hours,,,,,recommended,municipal_government,new,2/19/2020,2/19/2020,,,Implementation Opinions on resumption of work and production in Enterprises,Government announcement,http://www.beijing.gov.cn/zhengce/zhengcefagui/202002/t20200229_1672940.html,Xinyi,,
RS-23-3,X16,China,municipal,Beijing,Offices,Adapting,limiting numbers,,,,,recommended,municipal_government,new,2/19/2020,2/19/2020,,,Implementation Opinions on resumption of work and production in Enterprises,Government announcement,http://www.beijing.gov.cn/zhengce/zhengcefagui/202002/t20200229_1672941.html,Xinyi,,
RS-23-4,X17,China,municipal,Beijing,Offices,Adapting,Physical distancing,,,,,recommended,municipal_government,new,2/19/2020,2/19/2020,,,Implementation Opinions on resumption of work and production in Enterprises,Government announcement,http://www.beijing.gov.cn/zhengce/zhengcefagui/202002/t20200229_1672942.html,Xinyi,,
GF-4-1,X18,China,national,Beijing,Offices,Adapting,Hygiene,,,,,recommended,municipal_government,new,2/22/2020,2/22/2020,,,Guidelines for epidemic prevention and control of Enterprises,Government announcement,http://www.beijing.gov.cn/zhengce/zhengcefagui/202002/t20200222_1666359.html,Xinyi,,
GF-4-2,X19,China,national,Beijing,Offices,Adapting,Modifying hours,,,,,recommended,municipal_government,new,2/22/2020,2/22/2020,,,Guidelines for epidemic prevention and control of Enterprises,Government announcement,http://www.beijing.gov.cn/zhengce/zhengcefagui/202002/t20200222_1666359.html,Xinyi,,
GF-4-3,X20,China,national,Beijing,Offices,Adapting,limiting numbers,,,,,recommended,municipal_government,new,2/22/2020,2/22/2020,,,Guidelines for epidemic prevention and control of Enterprises,Government announcement,http://www.beijing.gov.cn/zhengce/zhengcefagui/202002/t20200222_1666359.html,Xinyi,,
GF-4-4,X21,China,national,Beijing,Offices,Adapting,Physical distancing,,,,,recommended,municipal_government,new,2/22/2020,2/22/2020,,,Guidelines for epidemic prevention and control of Enterprises,Government announcement,http://www.beijing.gov.cn/zhengce/zhengcefagui/202002/t20200222_1666359.html,Xinyi,,
YW-X1-1,X22,China,national,Beijing,Individual,Wearing a mask,Healthcare workers,,,,,mandatory,health_ministry,new,2/23/2020,2/23/2020,,,Technical guide for healthcare workers protection,News source,https://www.sohu.com/a/375135007_738256,Xinyi,,
YW-X1-2,X23,China,national,Beijing,Individual,Performing hand hygene,Healthcare workers,,,,,mandatory,health_ministry,new,2/23/2020,2/23/2020,,,Technical guide for healthcare workers protection,News source,https://www.sohu.com/a/375135007_738256,Xinyi,,
YW-X1-3,X24,China,national,Beijing,Individual,Using other PPE,Healthcare workers,,,,,mandatory,health_ministry,new,2/23/2020,2/23/2020,,,Technical guide for healthcare workers protection,News source,https://www.sohu.com/a/375135007_738256,Xinyi,,
CG-13-1,X25,China,municipal,Beijing,Offices,Adapting,Hygiene,,,,,mandatory,municipal_government,modification,2/24/2020,2/24/2020,,,Further requirements of epidemic prevention in the Office,Government announcement,http://www.beijing.gov.cn/zhengce/zhengcefagui/202002/t20200224_1667875.html,Xinyi,,
CG-13-2,X26,China,municipal,Beijing,Offices,Adapting,Modifying hours,,,,,mandatory,municipal_government,modification,2/24/2020,2/24/2020,,,Further requirements of epidemic prevention in the Office,Government announcement,http://www.beijing.gov.cn/zhengce/zhengcefagui/202002/t20200224_1667875.html,Xinyi,,
CG-13-3,X27,China,municipal,Beijing,Offices,Adapting,limiting numbers,,,,,mandatory,municipal_government,modification,2/24/2020,2/24/2020,,,Further requirements of epidemic prevention in the Office,Government announcement,http://www.beijing.gov.cn/zhengce/zhengcefagui/202002/t20200224_1667875.html,Xinyi,,
CG-13-4,X28,China,municipal,Beijing,Offices,Adapting,Physical distancing,,,,,mandatory,municipal_government,modification,2/24/2020,2/24/2020,,,Further requirements of epidemic prevention in the Office,Government announcement,http://www.beijing.gov.cn/zhengce/zhengcefagui/202002/t20200224_1667875.html,Xinyi,,
SW-X1-1,X29,China,national,Beijing,Businesses,Adapting,Hygiene,all_businesses,,,,recommended,municipal_government,modification,2/24/2020,2/24/2020,,,Notice of resumption in business,Government announcement,http://www.beijing.gov.cn/zhengce/zhengcefagui/202002/t20200224_1667905.html,Xinyi,,
SW-X1-2,X30,China,national,Beijing,Businesses,Adapting,limiting numbers,all_businesses,,,,recommended,municipal_government,modification,2/24/2020,2/24/2020,,,Notice of resumption in business,Government announcement,http://www.beijing.gov.cn/zhengce/zhengcefagui/202002/t20200224_1667905.html,Xinyi,,
SW-X1-3,X31,China,national,Beijing,Businesses,Adapting,Physical distancing,all_businesses,,,,recommended,municipal_government,modification,2/24/2020,2/24/2020,,,Notice of resumption in business,Government announcement,http://www.beijing.gov.cn/zhengce/zhengcefagui/202002/t20200224_1667905.html,Xinyi,,
FK-28-1,X32,China,national,Beijing,Offices,Adapting,Hygiene,,,,,mandatory,municipal_government,modification,2/25/2020,2/25/2020,,,Announcement for epidemic prevention and control,Government announcement,http://www.beijing.gov.cn/zhengce/zhengcefagui/202002/t20200226_1669651.html,Xinyi,,
FK-28-2,X33,China,national,Beijing,Offices,Adapting,Modifying hours,,,,,mandatory,municipal_government,modification,2/25/2020,2/25/2020,,,Announcement for epidemic prevention and control,Government announcement,http://www.beijing.gov.cn/zhengce/zhengcefagui/202002/t20200226_1669651.html,Xinyi,,
FK-28-3,X34,China,national,Beijing,Offices,Adapting,limiting numbers,,,,,mandatory,municipal_government,modification,2/25/2020,2/25/2020,,,Announcement for epidemic prevention and control,Government announcement,http://www.beijing.gov.cn/zhengce/zhengcefagui/202002/t20200226_1669651.html,Xinyi,,
FK-28-4,X35,China,national,Beijing,Offices,Adapting,Physical distancing,,,,,mandatory,municipal_government,modification,2/25/2020,2/25/2020,,,Announcement for epidemic prevention and control,Government announcement,http://www.beijing.gov.cn/zhengce/zhengcefagui/202002/t20200226_1669651.html,Xinyi,,
FK-28-5,X36,China,national,Beijing,Offices,Closing,Partial closure,,,,,mandatory,municipal_government,modification,2/25/2020,2/25/2020,,,Announcement for epidemic prevention and control,Government announcement,http://www.beijing.gov.cn/zhengce/zhengcefagui/202002/t20200226_1669651.html,Xinyi,,
FK-28-6,X37,China,national,Beijing,Businesses,Adapting,Hygiene,all_businesses,,,,mandatory,municipal_government,modification,2/25/2020,2/25/2020,,,Announcement for epidemic prevention and control,Government announcement,http://www.beijing.gov.cn/zhengce/zhengcefagui/202002/t20200226_1669651.html,Xinyi,,
FK-28-7,X38,China,national,Beijing,Businesses,Adapting,Modifying hours,all_businesses,,,,mandatory,municipal_government,modification,2/25/2020,2/25/2020,,,Announcement for epidemic prevention and control,Government announcement,http://www.beijing.gov.cn/zhengce/zhengcefagui/202002/t20200226_1669651.html,Xinyi,,
FK-28-8,X39,China,national,Beijing,Businesses,Adapting,limiting numbers,all_businesses,,,,mandatory,municipal_government,modification,2/25/2020,2/25/2020,,,Announcement for epidemic prevention and control,Government announcement,http://www.beijing.gov.cn/zhengce/zhengcefagui/202002/t20200226_1669651.html,Xinyi,,
FK-28-9,X40,China,national,Beijing,Businesses,Adapting,Physical distancing,all_businesses,,,,mandatory,municipal_government,modification,2/25/2020,2/25/2020,,,Announcement for epidemic prevention and control,Government announcement,http://www.beijing.gov.cn/zhengce/zhengcefagui/202002/t20200226_1669651.html,Xinyi,,
FK-28-10,X41,China,national,Beijing,Businesses,Closing,Partial closure,all_businesses,,,,mandatory,municipal_government,modification,2/25/2020,2/25/2020,,,Announcement for epidemic prevention and control,Government announcement,http://www.beijing.gov.cn/zhengce/zhengcefagui/202002/t20200226_1669651.html,Xinyi,,
FK-28-11,X42,China,national,Beijing,Schools,Adapting,Hygiene,,,,,mandatory,municipal_government,new,2/25/2020,2/25/2020,,,Announcement for epidemic prevention and control,Government announcement,http://www.beijing.gov.cn/zhengce/zhengcefagui/202002/t20200226_1669651.html,Xinyi,,
FK-28-12,X43,China,national,Beijing,Schools,Closing,full closure,,,,,mandatory,municipal_government,new,2/25/2020,2/25/2020,,,Announcement for epidemic prevention and control,Government announcement,http://www.beijing.gov.cn/zhengce/zhengcefagui/202002/t20200226_1669651.html,Xinyi,,
FK-28-13,X44,China,national,Beijing,Institutions,Adapting,Hygiene,,,,,mandatory,municipal_government,modification,2/25/2020,2/25/2020,,,Announcement for epidemic prevention and control,Government announcement,http://www.beijing.gov.cn/zhengce/zhengcefagui/202002/t20200226_1669651.html,Xinyi,,
FK-28-14,X45,China,national,Beijing,Institutions,Adapting,Modifying hours,,,,,mandatory,municipal_government,modification,2/25/2020,2/25/2020,,,Announcement for epidemic prevention and control,Government announcement,http://www.beijing.gov.cn/zhengce/zhengcefagui/202002/t20200226_1669651.html,Xinyi,,
FK-28-15,X46,China,national,Beijing,Institutions,Adapting,limiting numbers,,,,,mandatory,municipal_government,modification,2/25/2020,2/25/2020,,,Announcement for epidemic prevention and control,Government announcement,http://www.beijing.gov.cn/zhengce/zhengcefagui/202002/t20200226_1669651.html,Xinyi,,
FK-28-16,X47,China,national,Beijing,Institutions,Adapting,Physical distancing,,,,,mandatory,municipal_government,modification,2/25/2020,2/25/2020,,,Announcement for epidemic prevention and control,Government announcement,http://www.beijing.gov.cn/zhengce/zhengcefagui/202002/t20200226_1669651.html,Xinyi,,
FK-28-17,X48,China,national,Beijing,Institutions,Closing,Partial closure,,,,,mandatory,municipal_government,modification,2/25/2020,2/25/2020,,,Announcement for epidemic prevention and control,Government announcement,http://www.beijing.gov.cn/zhengce/zhengcefagui/202002/t20200226_1669651.html,Xinyi,,
FK-28-18,X49,China,national,Beijing,Domestic travel,Restriction movement,Supervision,,national,China,inbound,mandatory,municipal_government,modification,2/25/2020,2/25/2020,,,Announcement for epidemic prevention and control,Government announcement,http://www.beijing.gov.cn/zhengce/zhengcefagui/202002/t20200226_1669651.html,Xinyi,,
FK-28-19,X50,China,national,Beijing,Domestic travel,Restricting entry into region,14-day observation,,national,China,inbound,mandatory,municipal_government,modification,2/25/2020,2/25/2020,,,Announcement for epidemic prevention and control,Government announcement,http://www.beijing.gov.cn/zhengce/zhengcefagui/202002/t20200226_1669651.html,Xinyi,,
FK-28-20,X51,China,national,Beijing,Individual,Wearing a mask,General public,,,,,mandatory,community,modification,2/25/2020,2/25/2020,,,Announcement for epidemic prevention and control,Government announcement,http://www.beijing.gov.cn/zhengce/zhengcefagui/202002/t20200226_1669651.html,Xinyi,,
FK-28-21,X52,China,national,Beijing,Individual,Performing hand hygene,General public,,,,,mandatory,community,modification,2/25/2020,2/25/2020,,,Announcement for epidemic prevention and control,Government announcement,http://www.beijing.gov.cn/zhengce/zhengcefagui/202002/t20200226_1669651.html,Xinyi,,
FK-28-22,X53,China,national,Beijing,Individual,Using other PPE,General public,,,,,mandatory,community,modification,2/25/2020,2/25/2020,,,Announcement for epidemic prevention and control,Government announcement,http://www.beijing.gov.cn/zhengce/zhengcefagui/202002/t20200226_1669651.html,Xinyi,,
FK-28-23,X54,China,national,Beijing,Gatherings,L4 - Private gatherings at home,Restriction,,,,,mandatory,community,modification,2/25/2020,2/25/2020,,,Announcement for epidemic prevention and control,Government announcement,http://www.beijing.gov.cn/zhengce/zhengcefagui/202002/t20200226_1669651.html,Xinyi,,
JD-16-1,X55,China,national,Beijing,Schools,Closing,full closure,,,,,mandatory,municipal_government,modification,2/29/2020,2/29/2020,,,Announcement on epidemic prevention and control of education,Government announcement,http://www.beijing.gov.cn/zhengce/zhengcefagui/202003/t20200301_1673158.html,Xinyi,,
KZ-X3-1,X56,China,municipal,Beijing,Individual,Wearing a mask,General public,,,,,mandatory,community,modification,2/18/2020,2/18/2020,,,Guidelines for public wearing masks(3.0),Government announcement,http://wjw.beijing.gov.cn/wjwh/ztzl/xxgzbd/gzbdzcfg/202002/t20200219_1657595.html,Xinyi,,
BG-X1-1,X57,China,municipal,Beijing,Offices,Adapting,Hygiene,,,,,mandatory,municipal_government,new,2/18/2020,2/18/2020,,,Guidelines for epidemic prevention and control of office(1.0),Government announcement,http://wjw.beijing.gov.cn/wjwh/ztzl/xxgzbd/gzbdzcfg/202002/t20200219_1657596.html,Xinyi,,
BG-X1-2,X58,China,municipal,Beijing,Offices,Adapting,Modifying hours,,,,,mandatory,municipal_government,new,2/18/2020,2/18/2020,,,Guidelines for epidemic prevention and control of office(1.0),Government announcement,http://wjw.beijing.gov.cn/wjwh/ztzl/xxgzbd/gzbdzcfg/202002/t20200219_1657596.html,Xinyi,,
BG-X1-3,X59,China,municipal,Beijing,Offices,Adapting,limiting numbers,,,,,mandatory,municipal_government,new,2/18/2020,2/18/2020,,,Guidelines for epidemic prevention and control of office(1.0),Government announcement,http://wjw.beijing.gov.cn/wjwh/ztzl/xxgzbd/gzbdzcfg/202002/t20200219_1657596.html,Xinyi,,
BG-X1-4,X60,China,municipal,Beijing,Offices,Adapting,Physical distancing,,,,,mandatory,municipal_government,new,2/18/2020,2/18/2020,,,Guidelines for epidemic prevention and control of office(1.0),Government announcement,http://wjw.beijing.gov.cn/wjwh/ztzl/xxgzbd/gzbdzcfg/202002/t20200219_1657596.html,Xinyi,,
BG-X1-5,X61,China,municipal,Beijing,Offices,Closing,Partial closure,,,,,mandatory,municipal_government,new,2/18/2020,2/18/2020,,,Guidelines for epidemic prevention and control of office(1.0),Government announcement,http://wjw.beijing.gov.cn/wjwh/ztzl/xxgzbd/gzbdzcfg/202002/t20200219_1657596.html,Xinyi,,
SC-X2-1,X62,China,municipal,Beijing,Businesses,Adapting,Hygiene,supermarkets,,,,mandatory,municipal_government,modification,2/18/2020,2/18/2020,,,Guidelines for epidemic prevention and control of business(2.0),Government announcement,http://wjw.beijing.gov.cn/wjwh/ztzl/xxgzbd/gzbdzcfg/202002/t20200219_1657598.html,Xinyi,,
SC-X2-2,X63,China,municipal,Beijing,Businesses,Adapting,Modifying hours,supermarkets,,,,mandatory,municipal_government,modification,2/18/2020,2/18/2020,,,Guidelines for epidemic prevention and control of business(2.0),Government announcement,http://wjw.beijing.gov.cn/wjwh/ztzl/xxgzbd/gzbdzcfg/202002/t20200219_1657598.html,Xinyi,,
SC-X2-3,X64,China,municipal,Beijing,Businesses,Adapting,limiting numbers,supermarkets,,,,mandatory,municipal_government,modification,2/18/2020,2/18/2020,,,Guidelines for epidemic prevention and control of business(2.0),Government announcement,http://wjw.beijing.gov.cn/wjwh/ztzl/xxgzbd/gzbdzcfg/202002/t20200219_1657598.html,Xinyi,,
SC-X2-4,X65,China,municipal,Beijing,Businesses,Adapting,Physical distancing,supermarkets,,,,mandatory,municipal_government,modification,2/18/2020,2/18/2020,,,Guidelines for epidemic prevention and control of business(2.0),Government announcement,http://wjw.beijing.gov.cn/wjwh/ztzl/xxgzbd/gzbdzcfg/202002/t20200219_1657598.html,Xinyi,,
SC-X2-5,X66,China,municipal,Beijing,Businesses,Closing,Partial closure,supermarkets,,,,mandatory,municipal_government,modification,2/18/2020,2/18/2020,,,Guidelines for epidemic prevention and control of business(2.0),Government announcement,http://wjw.beijing.gov.cn/wjwh/ztzl/xxgzbd/gzbdzcfg/202002/t20200219_1657598.html,Xinyi,,
BG-X2-1,X67,China,municipal,Beijing,Offices,Adapting,Hygiene,,,,,mandatory,municipal_government,modification,2/23/2020,2/23/2020,,,Guidelines for epidemic prevention and control of office(2.0),Government announcement,http://wjw.beijing.gov.cn/wjwh/ztzl/xxgzbd/gzbdzcfg/202002/t20200225_1668625.html,Xinyi,,
BG-X2-2,X68,China,municipal,Beijing,Offices,Adapting,Modifying hours,,,,,mandatory,municipal_government,modification,2/23/2020,2/23/2020,,,Guidelines for epidemic prevention and control of office(2.0),Government announcement,http://wjw.beijing.gov.cn/wjwh/ztzl/xxgzbd/gzbdzcfg/202002/t20200225_1668625.html,Xinyi,,
BG-X2-3,X69,China,municipal,Beijing,Offices,Adapting,limiting numbers,,,,,mandatory,municipal_government,modification,2/23/2020,2/23/2020,,,Guidelines for epidemic prevention and control of office(2.0),Government announcement,http://wjw.beijing.gov.cn/wjwh/ztzl/xxgzbd/gzbdzcfg/202002/t20200225_1668625.html,Xinyi,,
BG-X2-4,X70,China,municipal,Beijing,Offices,Adapting,Physical distancing,,,,,mandatory,municipal_government,modification,2/23/2020,2/23/2020,,,Guidelines for epidemic prevention and control of office(2.0),Government announcement,http://wjw.beijing.gov.cn/wjwh/ztzl/xxgzbd/gzbdzcfg/202002/t20200225_1668625.html,Xinyi,,
BG-X2-5,X71,China,municipal,Beijing,Offices,Closing,Partial closure,,,,,mandatory,municipal_government,modification,2/23/2020,2/23/2020,,,Guidelines for epidemic prevention and control of office(2.0),Government announcement,http://wjw.beijing.gov.cn/wjwh/ztzl/xxgzbd/gzbdzcfg/202002/t20200225_1668625.html,Xinyi,,
BG-X3-1,X72,China,municipal,Beijing,Offices,Adapting,Hygiene,,,,,mandatory,municipal_government,modification,2/28/2020,2/28/2020,,,Guidelines for epidemic prevention and control of office(3.0),Government announcement,http://wjw.beijing.gov.cn/wjwh/ztzl/xxgzbd/gzbdzcfg/202002/t20200228_1670587.html,Xinyi,,
BG-X3-2,X73,China,municipal,Beijing,Offices,Adapting,Modifying hours,,,,,mandatory,municipal_government,modification,2/28/2020,2/28/2020,,,Guidelines for epidemic prevention and control of office(3.0),Government announcement,http://wjw.beijing.gov.cn/wjwh/ztzl/xxgzbd/gzbdzcfg/202002/t20200228_1670587.html,Xinyi,,
BG-X3-3,X74,China,municipal,Beijing,Offices,Adapting,limiting numbers,,,,,mandatory,municipal_government,modification,2/28/2020,2/28/2020,,,Guidelines for epidemic prevention and control of office(3.0),Government announcement,http://wjw.beijing.gov.cn/wjwh/ztzl/xxgzbd/gzbdzcfg/202002/t20200228_1670587.html,Xinyi,,
BG-X3-4,X75,China,municipal,Beijing,Offices,Adapting,Physical distancing,,,,,mandatory,municipal_government,modification,2/28/2020,2/28/2020,,,Guidelines for epidemic prevention and control of office(3.0),Government announcement,http://wjw.beijing.gov.cn/wjwh/ztzl/xxgzbd/gzbdzcfg/202002/t20200228_1670587.html,Xinyi,,
BG-X3-5,X76,China,municipal,Beijing,Offices,Closing,Partial closure,,,,,mandatory,municipal_government,modification,2/28/2020,2/28/2020,,,Guidelines for epidemic prevention and control of office(3.0),Government announcement,http://wjw.beijing.gov.cn/wjwh/ztzl/xxgzbd/gzbdzcfg/202002/t20200228_1670587.html,Xinyi,,
MB-6-1,X77,China,national,Beijing,Institutions,Closing,Partial closure,,,,,mandatory,municipal_government,modification,3/5/2020,3/5/2020,,,Guidance on epidemic prevention and recovery in Institutions,Government announcement,http://www.beijing.gov.cn/zhengce/zhengcefagui/202003/t20200309_1683113.html,Xinyi,,
MB-6-2,X78,China,national,Beijing,Institutions,Adapting,Hygiene,,,,,mandatory,municipal_government,modification,3/5/2020,3/5/2020,,,Guidance on epidemic prevention and recovery in Institutions,Government announcement,http://www.beijing.gov.cn/zhengce/zhengcefagui/202003/t20200309_1683113.html,Xinyi,,
MB-6-3,X79,China,national,Beijing,Institutions,Adapting,Modifying hours,,,,,mandatory,municipal_government,modification,3/5/2020,3/5/2020,,,Guidance on epidemic prevention and recovery in Institutions,Government announcement,http://www.beijing.gov.cn/zhengce/zhengcefagui/202003/t20200309_1683113.html,Xinyi,,
MB-6-4,X80,China,national,Beijing,Institutions,Adapting,limiting numbers,,,,,mandatory,municipal_government,modification,3/5/2020,3/5/2020,,,Guidance on epidemic prevention and recovery in Institutions,Government announcement,http://www.beijing.gov.cn/zhengce/zhengcefagui/202003/t20200309_1683113.html,Xinyi,,
MB-6-5,X81,China,national,Beijing,Institutions,Adapting,Physical distancing,,,,,mandatory,municipal_government,modification,3/5/2020,3/5/2020,,,Guidance on epidemic prevention and recovery in Institutions,Government announcement,http://www.beijing.gov.cn/zhengce/zhengcefagui/202003/t20200309_1683113.html,Xinyi,,
JY-84-1,X82,China,national,Beijing,Domestic travel,transportation hygiene,,,,,,mandatory,transport_ministry,new,3/2/2020,3/2/2020,,,Announcement on epidemic prevention of transportation,Government announcement,http://www.beijing.gov.cn/zhengce/zhengcefagui/202003/t20200302_1674066.html,Xinyi,,
JY-95-1,X83,China,national,Beijing,Domestic travel,transportation hygiene,,,,,,mandatory,transport_ministry,modification,3/13/2020,3/13/2020,,,Announcement on epidemic prevention of transportation,Government announcement,http://www.beijing.gov.cn/zhengce/zhengcefagui/202003/t20200316_1711525.html,Xinyi,,
CG-22-1,X84,China,municipal,Beijing,Offices,Adapting,Hygiene,,,,,mandatory,municipal_government,modification,3/13/2020,3/13/2020,,,Further requirements of epidemic prevention in the Office,Government announcement,http://www.beijing.gov.cn/zhengce/zhengcefagui/202003/t20200318_1720638.html,Xinyi,,
CG-22-2,X85,China,municipal,Beijing,Offices,Adapting,Modifying hours,,,,,mandatory,municipal_government,modification,3/13/2020,3/13/2020,,,Further requirements of epidemic prevention in the Office,Government announcement,http://www.beijing.gov.cn/zhengce/zhengcefagui/202003/t20200318_1720638.html,Xinyi,,
CG-22-3,X86,China,municipal,Beijing,Offices,Adapting,limiting numbers,,,,,mandatory,municipal_government,modification,3/13/2020,3/13/2020,,,Further requirements of epidemic prevention in the Office,Government announcement,http://www.beijing.gov.cn/zhengce/zhengcefagui/202003/t20200318_1720638.html,Xinyi,,
CG-22-4,X87,China,municipal,Beijing,Offices,Adapting,Physical distancing,,,,,mandatory,municipal_government,modification,3/13/2020,3/13/2020,,,Further requirements of epidemic prevention in the Office,Government announcement,http://www.beijing.gov.cn/zhengce/zhengcefagui/202003/t20200318_1720638.html,Xinyi,,
ZB-10-1,X88,China,municipal,Beijing,Offices,Adapting,Hygiene,,,,,recommended,municipal_government,modification,3/16/2020,3/16/2020,,,Measures for enterprises to resume work and production,Government announcement,http://www.beijing.gov.cn/zhengce/zhengcefagui/202003/t20200315_1706857.html,Xinyi,,
ZB-10-2,X89,China,municipal,Beijing,Offices,Adapting,Modifying hours,,,,,recommended,municipal_government,modification,3/16/2020,3/16/2020,,,Measures for enterprises to resume work and production,Government announcement,http://www.beijing.gov.cn/zhengce/zhengcefagui/202003/t20200315_1706857.html,Xinyi,,
ZB-10-3,X90,China,municipal,Beijing,Offices,Adapting,limiting numbers,,,,,recommended,municipal_government,modification,3/16/2020,3/16/2020,,,Measures for enterprises to resume work and production,Government announcement,http://www.beijing.gov.cn/zhengce/zhengcefagui/202003/t20200315_1706857.html,Xinyi,,
ZB-10-4,X91,China,municipal,Beijing,Offices,Adapting,Physical distancing,,,,,recommended,municipal_government,modification,3/16/2020,3/16/2020,,,Measures for enterprises to resume work and production,Government announcement,http://www.beijing.gov.cn/zhengce/zhengcefagui/202003/t20200315_1706857.html,Xinyi,,
JY-102-1,X92,China,national,Beijing,Domestic travel,Restriction movement,Supervision,all_visitors,national,Hubei,inbound,mandatory,national_government,modification,3/24/2020,3/24/2020,,,Announcement on transportation security for passengers leaving Hubei Province,Government announcement,http://www.beijing.gov.cn/zhengce/zhengcefagui/202003/t20200326_1739443.html,Xinyi,,
JT-X2-1,X93,China,municipal,Beijing,Domestic travel,transportation hygiene,,,,,,mandatory,transport_ministry,new,3/7/2020,3/7/2020,,,Guidelines for epidemic prevention and control of urban public transport(2.0),Government announcement,http://wjw.beijing.gov.cn/wjwh/ztzl/xxgzbd/gzbdzcfg/202003/t20200307_1682278.html,Xinyi,,
BG-X4-1,X94,China,municipal,Beijing,Offices,Adapting,Hygiene,,,,,mandatory,municipal_government,modification,3/20/2020,3/20/2020,,,Guidelines for epidemic prevention and control of office(4.0),Government announcement,http://wjw.beijing.gov.cn/wjwh/ztzl/xxgzbd/gzbdzcfg/202003/t20200320_1722481.html,Xinyi,,
BG-X4-2,X95,China,municipal,Beijing,Offices,Adapting,Modifying hours,,,,,mandatory,municipal_government,modification,3/20/2020,3/20/2020,,,Guidelines for epidemic prevention and control of office(4.0),Government announcement,http://wjw.beijing.gov.cn/wjwh/ztzl/xxgzbd/gzbdzcfg/202003/t20200320_1722481.html,Xinyi,,
BG-X4-3,X96,China,municipal,Beijing,Offices,Adapting,limiting numbers,,,,,mandatory,municipal_government,modification,3/20/2020,3/20/2020,,,Guidelines for epidemic prevention and control of office(4.0),Government announcement,http://wjw.beijing.gov.cn/wjwh/ztzl/xxgzbd/gzbdzcfg/202003/t20200320_1722481.html,Xinyi,,
BG-X4-4,X97,China,municipal,Beijing,Offices,Adapting,Physical distancing,,,,,mandatory,municipal_government,modification,3/20/2020,3/20/2020,,,Guidelines for epidemic prevention and control of office(4.0),Government announcement,http://wjw.beijing.gov.cn/wjwh/ztzl/xxgzbd/gzbdzcfg/202003/t20200320_1722481.html,Xinyi,,
BG-X4-5,X98,China,municipal,Beijing,Offices,Closing,Partial closure,,,,,mandatory,municipal_government,modification,3/20/2020,3/20/2020,,,Guidelines for epidemic prevention and control of office(4.0),Government announcement,http://wjw.beijing.gov.cn/wjwh/ztzl/xxgzbd/gzbdzcfg/202003/t20200320_1722481.html,Xinyi,,
SC-X3-1,X99,China,municipal,Beijing,Businesses,Adapting,Hygiene,supermarkets,,,,mandatory,municipal_government,modification,3/21/2020,3/21/2020,,,Guidelines for epidemic prevention and control of business(3.0),Government announcement,http://wjw.beijing.gov.cn/wjwh/ztzl/xxgzbd/gzbdzcfg/202003/t20200321_1723590.html,Xinyi,,
SC-X3-2,X100,China,municipal,Beijing,Businesses,Adapting,Modifying hours,supermarkets,,,,mandatory,municipal_government,modification,3/21/2020,3/21/2020,,,Guidelines for epidemic prevention and control of business(3.0),Government announcement,http://wjw.beijing.gov.cn/wjwh/ztzl/xxgzbd/gzbdzcfg/202003/t20200321_1723590.html,Xinyi,,
SC-X3-3,X101,China,municipal,Beijing,Businesses,Adapting,limiting numbers,supermarkets,,,,mandatory,municipal_government,modification,3/21/2020,3/21/2020,,,Guidelines for epidemic prevention and control of business(3.0),Government announcement,http://wjw.beijing.gov.cn/wjwh/ztzl/xxgzbd/gzbdzcfg/202003/t20200321_1723590.html,Xinyi,,
SC-X3-4,X102,China,municipal,Beijing,Businesses,Adapting,Physical distancing,supermarkets,,,,mandatory,municipal_government,modification,3/21/2020,3/21/2020,,,Guidelines for epidemic prevention and control of business(3.0),Government announcement,http://wjw.beijing.gov.cn/wjwh/ztzl/xxgzbd/gzbdzcfg/202003/t20200321_1723590.html,Xinyi,,
SC-X3-5,X103,China,municipal,Beijing,Businesses,Closing,Partial closure,supermarkets,,,,mandatory,municipal_government,modification,3/21/2020,3/21/2020,,,Guidelines for epidemic prevention and control of business(3.0),Government announcement,http://wjw.beijing.gov.cn/wjwh/ztzl/xxgzbd/gzbdzcfg/202003/t20200321_1723590.html,Xinyi,,
WL-X1-1,X104,China,municipal,,Businesses,Adapting,Hygene,parks,,,,recommended,municipal_government,modification,4/1/2020,4/1/2020,,,Implementation plan for restoration and opening of parks,Government announcement,http://www.beijing.gov.cn/zhengce/zhengcefagui/202004/t20200406_1790507.html,Xinyi,,
WL-X1-2,X105,China,municipal,,Businesses,Adapting,Modifying hours,parks,,,,recommended,municipal_government,modification,4/1/2020,4/1/2020,,,Implementation plan for restoration and opening of parks,Government announcement,http://www.beijing.gov.cn/zhengce/zhengcefagui/202004/t20200406_1790507.html,Xinyi,,
WL-X1-3,X106,China,municipal,,Businesses,Adapting,limiting numbers,parks,,,,recommended,municipal_government,modification,4/1/2020,4/1/2020,,,Implementation plan for restoration and opening of parks,Government announcement,http://www.beijing.gov.cn/zhengce/zhengcefagui/202004/t20200406_1790507.html,Xinyi,,
WL-X1-4,X107,China,municipal,,Businesses,Adapting,Physical distancing,parks,,,,recommended,municipal_government,modification,4/1/2020,4/1/2020,,,Implementation plan for restoration and opening of parks,Government announcement,http://www.beijing.gov.cn/zhengce/zhengcefagui/202004/t20200406_1790507.html,Xinyi,,
WL-X1-5,X108,China,municipal,,Businesses,Closing,Partial closure,parks,,,,recommended,municipal_government,modification,4/1/2020,4/1/2020,,,Implementation plan for restoration and opening of parks,Government announcement,http://www.beijing.gov.cn/zhengce/zhengcefagui/202004/t20200406_1790507.html,Xinyi,,
GF-12-1,X109,China,national,Beijing,Offices,Adapting,Hygene,,,,,recommended,municipal_government,modification,4/10/2020,4/10/2020,,,Guidelines for prevention and control of epidemic in offices after returning to work,Government announcement,http://www.beijing.gov.cn/zhengce/zhengcefagui/202004/t20200410_1799119.html,Xinyi,,
GF-12-2,X110,China,national,Beijing,Offices,Adapting,Modifying hours,,,,,recommended,municipal_government,modification,4/10/2020,4/10/2020,,,Guidelines for prevention and control of epidemic in offices after returning to work,Government announcement,http://www.beijing.gov.cn/zhengce/zhengcefagui/202004/t20200410_1799119.html,Xinyi,,
GF-12-3,X111,China,national,Beijing,Offices,Adapting,limiting numbers,,,,,recommended,municipal_government,modification,4/10/2020,4/10/2020,,,Guidelines for prevention and control of epidemic in offices after returning to work,Government announcement,http://www.beijing.gov.cn/zhengce/zhengcefagui/202004/t20200410_1799119.html,Xinyi,,
GF-12-4,X112,China,national,Beijing,Offices,Adapting,Physical distancing,,,,,recommended,municipal_government,modification,4/10/2020,4/10/2020,,,Guidelines for prevention and control of epidemic in offices after returning to work,Government announcement,http://www.beijing.gov.cn/zhengce/zhengcefagui/202004/t20200410_1799119.html,Xinyi,,
WL-71-1,X113,China,national,Beijing,Businesses,Adapting,Hygene,parks,,,,recommended,municipal_government,modification,4/14/2020,4/14/2020,,,Announcement for restoration and opening of parks,Government announcement,http://www.beijing.gov.cn/zhengce/zhengcefagui/202004/t20200414_1803642.html,Xinyi,,
WL-71-2,X114,China,national,Beijing,Businesses,Adapting,Modifying hours,parks,,,,recommended,municipal_government,modification,4/14/2020,4/14/2020,,,Announcement for restoration and opening of parks,Government announcement,http://www.beijing.gov.cn/zhengce/zhengcefagui/202004/t20200414_1803642.html,Xinyi,,
WL-71-3,X115,China,national,Beijing,Businesses,Adapting,limiting numbers,parks,,,,recommended,municipal_government,modification,4/14/2020,4/14/2020,,,Announcement for restoration and opening of parks,Government announcement,http://www.beijing.gov.cn/zhengce/zhengcefagui/202004/t20200414_1803642.html,Xinyi,,
WL-71-4,X116,China,national,Beijing,Businesses,Adapting,Physical distancing,parks,,,,recommended,municipal_government,modification,4/14/2020,4/14/2020,,,Announcement for restoration and opening of parks,Government announcement,http://www.beijing.gov.cn/zhengce/zhengcefagui/202004/t20200414_1803642.html,Xinyi,,
WL-71-5,X117,China,national,Beijing,Businesses,Closing,Partial closure,parks,,,,recommended,municipal_government,modification,4/14/2020,4/14/2020,,,Announcement for restoration and opening of parks,Government announcement,http://www.beijing.gov.cn/zhengce/zhengcefagui/202004/t20200414_1803642.html,Xinyi,,
MF-38-1,X118,China,national,Beijing,Individual,Wearing a mask,General public,,,,,recommended,community,modification,4/16/2020,4/16/2020,,,Guidelines for community prevention and control,Government announcement,http://www.beijing.gov.cn/zhengce/zhengcefagui/202004/t20200417_1828929.html,Xinyi,,
MF-38-2,X119,China,national,Beijing,Individual,Performing hand hygene,General public,,,,,recommended,community,modification,4/16/2020,4/16/2020,,,Guidelines for community prevention and control,Government announcement,http://www.beijing.gov.cn/zhengce/zhengcefagui/202004/t20200417_1828929.html,Xinyi,,
MF-38-3,X120,China,national,Beijing,Individual,Using other PPE,General public,,,,,recommended,community,modification,4/16/2020,4/16/2020,,,Guidelines for community prevention and control,Government announcement,http://www.beijing.gov.cn/zhengce/zhengcefagui/202004/t20200417_1828929.html,Xinyi,,
CG-28-1,X121,China,municipal,Beijing,Offices,Adapting,Hygene,,,,,recommended,municipal_government,modification,4/18/2020,4/18/2020,,,Announcement on normalization of epidemic prevention and control,Government announcement,http://www.beijing.gov.cn/zhengce/zhengcefagui/202004/t20200418_1846059.html,Xinyi,,
CG-28-2,X122,China,municipal,Beijing,Offices,Adapting,Physical distancing,,,,,recommended,municipal_government,modification,4/18/2020,4/18/2020,,,Announcement on normalization of epidemic prevention and control,Government announcement,http://www.beijing.gov.cn/zhengce/zhengcefagui/202004/t20200418_1846059.html,Xinyi,,
CG-28-3,X123,China,municipal,Beijing,Domestic travel,Restriction movement,cancel,all_visitors,provincial,Hebei,inbound,recommended,municipal_government,modification,4/18/2020,,4/18/2020,date_announced,Announcement on normalization of epidemic prevention and control,Government announcement,http://www.beijing.gov.cn/zhengce/zhengcefagui/202004/t20200418_1846059.html,Xinyi,,
CG-28-4,X124,China,municipal,Beijing,Domestic travel,Restriction movement,cancel,all_visitors,municipal,Tianjin,inbound,recommended,municipal_government,modification,4/18/2020,,4/18/2020,date_announced,Announcement on normalization of epidemic prevention and control,Government announcement,http://www.beijing.gov.cn/zhengce/zhengcefagui/202004/t20200418_1846059.html,Xinyi,,
TC-12-1,X125,China,municipal,Beijing,Businesses,Adapting,Hygene,gyms,,,,recommended,municipal_government,modification,4/22/2020,4/22/2020,,,Opening plan of Gym,Government announcement,http://www.beijing.gov.cn/zhengce/zhengcefagui/202004/t20200422_1876682.html,Xinyi,,
TC-12-2,X126,China,municipal,Beijing,Businesses,Adapting,limiting numbers,gyms,,,,recommended,municipal_government,modification,4/22/2020,4/22/2020,,,Opening plan of Gym,Government announcement,http://www.beijing.gov.cn/zhengce/zhengcefagui/202004/t20200422_1876682.html,Xinyi,,
TC-12-3,X127,China,municipal,Beijing,Businesses,Adapting,Physical distancing,gyms,,,,recommended,municipal_government,modification,4/22/2020,4/22/2020,,,Opening plan of Gym,Government announcement,http://www.beijing.gov.cn/zhengce/zhengcefagui/202004/t20200422_1876682.html,Xinyi,,
WY-X1-1,X128,China,municipal,Beijing,Businesses,Adapting,Hygene,all_businesses,,,,recommended,municipal_government,modification,4/30/2020,4/30/2020,,,Epidemic prevention and control during May 1st,Government announcement,http://www.beijing.gov.cn/zhengce/zhengcefagui/202004/t20200430_1889409.html,Xinyi,,
WY-X1-2,X129,China,municipal,Beijing,Businesses,Adapting,limiting numbers,all_businesses,,,,recommended,municipal_government,modification,4/30/2020,4/30/2020,,,Epidemic prevention and control during May 2st,Government announcement,http://www.beijing.gov.cn/zhengce/zhengcefagui/202004/t20200430_1889409.html,Xinyi,,
WY-X1-3,X130,China,municipal,Beijing,Businesses,Adapting,Physical distancing,all_businesses,,,,recommended,municipal_government,modification,4/30/2020,4/30/2020,,,Epidemic prevention and control during May 3st,Government announcement,http://www.beijing.gov.cn/zhengce/zhengcefagui/202004/t20200430_1889409.html,Xinyi,,
JB-X1-1,X131,China,municipal,Beijing,Businesses,Adapting,Hygene,restaurants,,,,recommended,municipal_government,modification,4/9/2020,4/9/2020,,,Guidelines for epidemic prevention and control of restaurants,Government announcement,http://wjw.beijing.gov.cn/wjwh/ztzl/xxgzbd/gzbdzcfg/202004/t20200409_1798924.html,Xinyi,,
JB-X1-2,X132,China,municipal,Beijing,Businesses,Adapting,Modifying hours,restaurants,,,,recommended,municipal_government,modification,4/9/2020,4/9/2020,,,Guidelines for epidemic prevention and control of restaurants,Government announcement,http://wjw.beijing.gov.cn/wjwh/ztzl/xxgzbd/gzbdzcfg/202004/t20200409_1798924.html,Xinyi,,
JB-X1-3,X133,China,municipal,Beijing,Businesses,Adapting,limiting numbers,restaurants,,,,recommended,municipal_government,modification,4/9/2020,4/9/2020,,,Guidelines for epidemic prevention and control of restaurants,Government announcement,http://wjw.beijing.gov.cn/wjwh/ztzl/xxgzbd/gzbdzcfg/202004/t20200409_1798924.html,Xinyi,,
JB-X1-4,X134,China,municipal,Beijing,Businesses,Adapting,Physical distancing,restaurants,,,,recommended,municipal_government,modification,4/9/2020,4/9/2020,,,Guidelines for epidemic prevention and control of restaurants,Government announcement,http://wjw.beijing.gov.cn/wjwh/ztzl/xxgzbd/gzbdzcfg/202004/t20200409_1798924.html,Xinyi,,
KX-X1-1,X135,China,municipal,Beijing,Schools,Adapting,Hygene,,,,,mandatory,municipal_government,modification,4/15/2020,4/15/2020,,,Guidelines for epidemic prevention and control of schools(1.0),Government announcement,http://wjw.beijing.gov.cn/wjwh/ztzl/xxgzbd/gzbdzcfg/202004/t20200415_1804521.html,Xinyi,,
KX-X1-2,X136,China,municipal,Beijing,Schools,Adapting,Modifying hours,,,,,mandatory,municipal_government,modification,4/15/2020,4/15/2020,,,Guidelines for epidemic prevention and control of schools(1.0),Government announcement,http://wjw.beijing.gov.cn/wjwh/ztzl/xxgzbd/gzbdzcfg/202004/t20200415_1804521.html,Xinyi,,
KX-X1-3,X137,China,municipal,Beijing,Schools,Adapting,limiting numbers,,,,,mandatory,municipal_government,modification,4/15/2020,4/15/2020,,,Guidelines for epidemic prevention and control of schools(1.0),Government announcement,http://wjw.beijing.gov.cn/wjwh/ztzl/xxgzbd/gzbdzcfg/202004/t20200415_1804521.html,Xinyi,,
KX-X1-4,X138,China,municipal,Beijing,Schools,Adapting,Physical distancing,,,,,mandatory,municipal_government,modification,4/15/2020,4/15/2020,,,Guidelines for epidemic prevention and control of schools(1.0),Government announcement,http://wjw.beijing.gov.cn/wjwh/ztzl/xxgzbd/gzbdzcfg/202004/t20200415_1804521.html,Xinyi,,
KX-X1-5,X139,China,municipal,Beijing,Schools,Closing,Partial closure,,,,,mandatory,municipal_government,modification,4/15/2020,4/15/2020,,,Guidelines for epidemic prevention and control of schools(1.0),Government announcement,http://wjw.beijing.gov.cn/wjwh/ztzl/xxgzbd/gzbdzcfg/202004/t20200415_1804521.html,Xinyi,,
BG-X5-1,X140,China,municipal,Beijing,Offices,Adapting,Hygiene,,,,,mandatory,municipal_government,modification,4/29/2020,4/29/2020,,,Guidelines for epidemic prevention and control of office(5.0),Government announcement,http://wjw.beijing.gov.cn/wjwh/ztzl/xxgzbd/gzbdzcfg/202005/t20200513_1896311.html,Xinyi,,
BG-X5-2,X141,China,municipal,Beijing,Offices,Adapting,Modifying hours,,,,,mandatory,municipal_government,modification,4/29/2020,4/29/2020,,,Guidelines for epidemic prevention and control of office(5.0),Government announcement,http://wjw.beijing.gov.cn/wjwh/ztzl/xxgzbd/gzbdzcfg/202005/t20200513_1896311.html,Xinyi,,
BG-X5-3,X142,China,municipal,Beijing,Offices,Adapting,limiting numbers,,,,,mandatory,municipal_government,modification,4/29/2020,4/29/2020,,,Guidelines for epidemic prevention and control of office(5.0),Government announcement,http://wjw.beijing.gov.cn/wjwh/ztzl/xxgzbd/gzbdzcfg/202005/t20200513_1896311.html,Xinyi,,
BG-X5-4,X143,China,municipal,Beijing,Offices,Adapting,Physical distancing,,,,,mandatory,municipal_government,modification,4/29/2020,4/29/2020,,,Guidelines for epidemic prevention and control of office(5.0),Government announcement,http://wjw.beijing.gov.cn/wjwh/ztzl/xxgzbd/gzbdzcfg/202005/t20200513_1896311.html,Xinyi,,
KZ-X4-1,X144,China,municipal,Beijing,Individual,Wearing a mask,General public,,,,,mandatory,community,modification,4/29/2020,4/29/2020,,,Guidelines for public wearing masks(4.0),Government announcement,http://wjw.beijing.gov.cn/wjwh/ztzl/xxgzbd/gzbdzcfg/202005/t20200513_1896375.html,Xinyi,,
JD-X2-1,X145,China,municipal,Beijing,Businesses,Adapting,Hygene,hotels,,,,mandatory,municipal_government,modification,4/29/2020,4/29/2020,,,Guidelines for epidemic prevention and control of hotel(2.0),Government announcement,http://wjw.beijing.gov.cn/wjwh/ztzl/xxgzbd/gzbdzcfg/202005/t20200513_1896390.html,Xinyi,,
GG-X2-1,X146,China,municipal,Beijing,Businesses,Adapting,Hygene,all_businesses,,,,mandatory,municipal_government,modification,4/29/2020,4/29/2020,,,Guidelines for  epidemic prevention and control of public places(2.0),Government announcement,http://wjw.beijing.gov.cn/wjwh/ztzl/xxgzbd/gzbdzcfg/202005/t20200513_1896412.html,Xinyi,,
GG-X2-2,X147,China,municipal,Beijing,Businesses,Adapting,Modifying hours,all_businesses,,,,mandatory,municipal_government,modification,4/29/2020,4/29/2020,,,Guidelines for  epidemic prevention and control of public places(2.0),Government announcement,http://wjw.beijing.gov.cn/wjwh/ztzl/xxgzbd/gzbdzcfg/202005/t20200513_1896412.html,Xinyi,,
GG-X2-3,X148,China,municipal,Beijing,Businesses,Adapting,limiting numbers,all_businesses,,,,mandatory,municipal_government,modification,4/29/2020,4/29/2020,,,Guidelines for  epidemic prevention and control of public places(2.0),Government announcement,http://wjw.beijing.gov.cn/wjwh/ztzl/xxgzbd/gzbdzcfg/202005/t20200513_1896412.html,Xinyi,,
GG-X2-4,X149,China,municipal,Beijing,Businesses,Adapting,Physical distancing,all_businesses,,,,mandatory,municipal_government,modification,4/29/2020,4/29/2020,,,Guidelines for  epidemic prevention and control of public places(2.0),Government announcement,http://wjw.beijing.gov.cn/wjwh/ztzl/xxgzbd/gzbdzcfg/202005/t20200513_1896412.html,Xinyi,,
GG-X2-5,X150,China,municipal,Beijing,Businesses,Closing,Partial closure,all_businesses,,,,mandatory,municipal_government,modification,4/29/2020,4/29/2020,,,Guidelines for  epidemic prevention and control of public places(2.0),Government announcement,http://wjw.beijing.gov.cn/wjwh/ztzl/xxgzbd/gzbdzcfg/202005/t20200513_1896412.html,Xinyi,,
GG-X2-6,X151,China,municipal,Beijing,Institutions,Adapting,Hygene,,,,,mandatory,municipal_government,modification,4/29/2020,4/29/2020,,,Guidelines for  epidemic prevention and control of public places(2.0),Government announcement,http://wjw.beijing.gov.cn/wjwh/ztzl/xxgzbd/gzbdzcfg/202005/t20200513_1896412.html,Xinyi,,
GG-X2-7,X152,China,municipal,Beijing,Institutions,Adapting,Modifying hours,,,,,mandatory,municipal_government,modification,4/29/2020,4/29/2020,,,Guidelines for  epidemic prevention and control of public places(2.0),Government announcement,http://wjw.beijing.gov.cn/wjwh/ztzl/xxgzbd/gzbdzcfg/202005/t20200513_1896412.html,Xinyi,,
GG-X2-8,X153,China,municipal,Beijing,Institutions,Adapting,limiting numbers,,,,,mandatory,municipal_government,modification,4/29/2020,4/29/2020,,,Guidelines for  epidemic prevention and control of public places(2.0),Government announcement,http://wjw.beijing.gov.cn/wjwh/ztzl/xxgzbd/gzbdzcfg/202005/t20200513_1896412.html,Xinyi,,
GG-X2-9,X154,China,municipal,Beijing,Institutions,Adapting,Physical distancing,,,,,mandatory,municipal_government,modification,4/29/2020,4/29/2020,,,Guidelines for  epidemic prevention and control of public places(2.0),Government announcement,http://wjw.beijing.gov.cn/wjwh/ztzl/xxgzbd/gzbdzcfg/202005/t20200513_1896412.html,Xinyi,,
GG-X2-10,X155,China,municipal,Beijing,Institutions,Closing,Partial closure,,,,,mandatory,municipal_government,modification,4/29/2020,4/29/2020,,,Guidelines for  epidemic prevention and control of public places(2.0),Government announcement,http://wjw.beijing.gov.cn/wjwh/ztzl/xxgzbd/gzbdzcfg/202005/t20200513_1896412.html,Xinyi,,
SC-X4-1,X156,China,municipal,Beijing,Businesses,Adapting,Hygiene,supermarkets,,,,mandatory,municipal_government,modification,4/29/2020,4/29/2020,,,Guidelines for epidemic prevention and control of business(4.0),Government announcement,http://wjw.beijing.gov.cn/wjwh/ztzl/xxgzbd/gzbdzcfg/202005/t20200513_1896447.html,Xinyi,,
SC-X4-2,X157,China,municipal,Beijing,Businesses,Adapting,Modifying hours,supermarkets,,,,mandatory,municipal_government,modification,4/29/2020,4/29/2020,,,Guidelines for epidemic prevention and control of business(4.0),Government announcement,http://wjw.beijing.gov.cn/wjwh/ztzl/xxgzbd/gzbdzcfg/202005/t20200513_1896447.html,Xinyi,,
SC-X4-3,X158,China,municipal,Beijing,Businesses,Adapting,limiting numbers,supermarkets,,,,mandatory,municipal_government,modification,4/29/2020,4/29/2020,,,Guidelines for epidemic prevention and control of business(4.0),Government announcement,http://wjw.beijing.gov.cn/wjwh/ztzl/xxgzbd/gzbdzcfg/202005/t20200513_1896447.html,Xinyi,,
SC-X4-4,X159,China,municipal,Beijing,Businesses,Adapting,Physical distancing,supermarkets,,,,mandatory,municipal_government,modification,4/29/2020,4/29/2020,,,Guidelines for epidemic prevention and control of business(4.0),Government announcement,http://wjw.beijing.gov.cn/wjwh/ztzl/xxgzbd/gzbdzcfg/202005/t20200513_1896447.html,Xinyi,,
SC-X4-5,X160,China,municipal,Beijing,Businesses,Closing,Partial closure,supermarkets,,,,mandatory,municipal_government,modification,4/29/2020,4/29/2020,,,Guidelines for epidemic prevention and control of business(4.0),Government announcement,http://wjw.beijing.gov.cn/wjwh/ztzl/xxgzbd/gzbdzcfg/202005/t20200513_1896447.html,Xinyi,,
GZ-X2-1,X161,China,municipal,Beijing,Individual,Wearing a mask,General public,,,,,mandatory,community,modification,4/30/2020,4/30/2020,,,Guidelines for epidemic prevention and control of general public(2.0),Government announcement,http://wjw.beijing.gov.cn/wjwh/ztzl/xxgzbd/gzbdzcfg/202005/t20200513_1896497.html,Xinyi,,
GZ-X2-2,X162,China,municipal,Beijing,Individual,Performing hand hygene,General public,,,,,mandatory,community,modification,4/30/2020,4/30/2020,,,Guidelines for epidemic prevention and control of general public(2.0),Government announcement,http://wjw.beijing.gov.cn/wjwh/ztzl/xxgzbd/gzbdzcfg/202005/t20200513_1896497.html,Xinyi,,
XQ-X2-1,X163,China,municipal,Beijing,Gatherings,L4 - Private gatherings at home,Restriction,,,,,recommended,community,modification,4/30/2020,4/30/2020,,,Guidelines for epidemic prevention and control of residents(2.0),Government announcement,http://wjw.beijing.gov.cn/wjwh/ztzl/xxgzbd/gzbdzcfg/202005/t20200513_1896497.html,Xinyi,,
GF-14-1,X164,China,national,Beijing,Individual,Wearing a mask,General public,,,,,recommended,community,modification,5/8/2020,5/8/2020,,,Guidance on the normalization of epidemic prevention and control,Government announcement,http://www.beijing.gov.cn/zhengce/zhengcefagui/202005/t20200509_1892655.html,Xinyi,,
GF-14-2,X165,China,national,Beijing,Individual,Performing hand Hygiene,General public,,,,,recommended,community,modification,5/8/2020,5/8/2020,,,Guidance on the normalization of epidemic prevention and control,Government announcement,http://www.beijing.gov.cn/zhengce/zhengcefagui/202005/t20200509_1892655.html,Xinyi,,
GF-14-3,X166,China,national,Beijing,Businesses,Adapting,Hygiene,all_businesses,,,,recommended,municipal_government,modification,5/8/2020,5/8/2020,,,Guidance on the normalization of epidemic prevention and control,Government announcement,http://www.beijing.gov.cn/zhengce/zhengcefagui/202005/t20200509_1892655.html,Xinyi,,
GF-14-4,X167,China,national,Beijing,Businesses,Adapting,limiting numbers,all_businesses,,,,recommended,municipal_government,modification,5/8/2020,5/8/2020,,,Guidance on the normalization of epidemic prevention and control,Government announcement,http://www.beijing.gov.cn/zhengce/zhengcefagui/202005/t20200509_1892655.html,Xinyi,,
GF-14-5,X168,China,national,Beijing,Businesses,Adapting,Physical distancing,all_businesses,,,,recommended,municipal_government,modification,5/8/2020,5/8/2020,,,Guidance on the normalization of epidemic prevention and control,Government announcement,http://www.beijing.gov.cn/zhengce/zhengcefagui/202005/t20200509_1892655.html,Xinyi,,
XD-X3-1,X169,China,municipal,Beijing,Offices,Adapting,Hygene,,,,,mandatory,municipal_government,modification,5/1/2020,5/1/2020,,,Guidelines for preventive disinfection,Government announcement,http://wjw.beijing.gov.cn/wjwh/ztzl/xxgzbd/gzbdzcfg/202005/t20200513_1896544.html,Xinyi,,
XD-X3-2,X170,China,municipal,Beijing,Businesses,Adapting,Hygene,all_businesses,,,,mandatory,municipal_government,modification,5/1/2020,5/1/2020,,,Guidelines for preventive disinfection,Government announcement,http://wjw.beijing.gov.cn/wjwh/ztzl/xxgzbd/gzbdzcfg/202005/t20200513_1896544.html,Xinyi,,
XD-X3-3,X171,China,municipal,Beijing,Institutions,Adapting,Hygene,,,,,mandatory,municipal_government,modification,5/1/2020,5/1/2020,,,Guidelines for preventive disinfection,Government announcement,http://wjw.beijing.gov.cn/wjwh/ztzl/xxgzbd/gzbdzcfg/202005/t20200513_1896544.html,Xinyi,,
XD-X3-4,X172,China,municipal,Beijing,Individual,Performing hand hygene,General public,,,,,mandatory,community,modification,5/1/2020,5/1/2020,,,Guidelines for preventive disinfection,Government announcement,http://wjw.beijing.gov.cn/wjwh/ztzl/xxgzbd/gzbdzcfg/202005/t20200513_1896544.html,Xinyi,,
XD-X3-5,X173,China,municipal,Beijing,Individual,Using other PPE,General public,,,,,mandatory,community,modification,5/1/2020,5/1/2020,,,Guidelines for preventive disinfection,Government announcement,http://wjw.beijing.gov.cn/wjwh/ztzl/xxgzbd/gzbdzcfg/202005/t20200513_1896544.html,Xinyi,,
,1,China,municipal,Beijing,Offices,Closing,,,,,,recommended,municipal_government,new,1/23/2020,1/23/2020,,unknown,Enterprises can adopt the way of centralized work and centralized rest to maintain normal production and operation,Government announcement,http://www.beijing.gov.cn/zhengce/zhengcefagui/202001/t20200124_1621272.html,Liu Puxi,,
,2,China,municipal,Beijing,Institutions,Closing,full closure,,,,,mandatory,municipal_government,new,1/26/2020,1/27/2020,,unknown,Implementation of closed management in pension institutions in the whole city,Government announcement,http://www.beijing.gov.cn/zhengce/zhengcefagui/202001/t20200127_1621406.html,Liu Puxi,,
,3,China,municipal,Beijing,Domestic travel,Restriction movement,Restriction,all_citizens,provincial,Hubei,outbound,mandatory,municipal_government,new,1/27/2020,1/27/2020,,unknown,Beijing citizens in Hubei are not allowed to leave Hubei without authorization in violation of regulations.,Government announcement,http://www.beijing.gov.cn/zhengce/zhengcefagui/202001/t20200128_1621466.html,Liu Puxi,,
,3,China,municipal,Beijing,Individual,Wearing a mask,General public,,,,,mandatory,municipal_government,new,1/27/2020,1/27/2020,,unknown,Dissuade those who do not wear masks,Government announcement,http://www.beijing.gov.cn/zhengce/zhengcefagui/202001/t20200128_1621467.html,Liu Puxi,,
,4,China,municipal,Beijing,Schools,Closing,full closure,,,,,mandatory,municipal_government,new,1/28/2020,1/28/2020,,unknown,"All colleges and universities, primary and secondary schools and kindergartens will postpone the opening of school, and the specific time will be notified by the education department.",Government announcement,http://www.beijing.gov.cn/zhengce/zhengcefagui/202001/t20200128_1621470.html,Liu Puxi,,
,4,China,municipal,Beijing,Offices,Closing,full closure,,,,,mandatory,municipal_government,new,1/28/2020,1/28/2020,2/3/2020,date_announced,Extend the Spring Festival holiday in 2020 to February 2 and work normally from February 3.,Government announcement,http://www.beijing.gov.cn/zhengce/zhengcefagui/202001/t20200128_1621471.html,Liu Puxi,,
,5,China,municipal,Beijing,Individual,Wearing a mask,General public,,,,,mandatory,community,new,1/30/2020,1/30/2020,,unknown,"People should wear masks when entering and leaving the community, and the community (Village) should be supervised and reminded.",Government announcement,http://www.beijing.gov.cn/zhengce/zhengcefagui/202001/t20200130_1621608.html,Liu Puxi,,
,5,China,municipal,Beijing,Individual,Performing hand hygene,General public,,,,,recommended,community,new,1/30/2020,1/30/2020,,unknown,Urge individuals not to shake hands and wash hands frequently,Government announcement,http://www.beijing.gov.cn/zhengce/zhengcefagui/202001/t20200130_1621608.html,Liu Puxi,,
,5,China,municipal,Beijing,Individual,Using other PPE,General public,,,,,recommended,community,new,1/30/2020,1/30/2020,,unknown,Supervise and urge families to open windows for ventilation and strengthen daily cleaning and disinfection when air quality permits,Government announcement,http://www.beijing.gov.cn/zhengce/zhengcefagui/202001/t20200130_1621608.html,Liu Puxi,,
,5,China,municipal,Beijing,Gatherings,L1 - Mass gatherings,Cancellation,,,,,mandatory,community,new,1/30/2020,1/30/2020,,unknown,The community (Village) does not organize large-scale public gathering activities,Government announcement,http://www.beijing.gov.cn/zhengce/zhengcefagui/202001/t20200130_1621608.html,Liu Puxi,,
,5,China,municipal,Beijing,Gatherings,L2 - Public gatherings,Cancellation,,,,,recommended,municipal_government,new,1/30/2020,1/30/2020,,unknown,"When necessary, it can stop the market, assembly and other crowd gathering activities in the community (Village), and close public places such as cinemas and Internet cafes.",Government announcement,http://www.beijing.gov.cn/zhengce/zhengcefagui/202001/t20200130_1621608.html,Liu Puxi,,
,5,China,municipal,Beijing,Gatherings,L4 - Private gatherings at home,Restriction,,,,,recommended,community,new,1/30/2020,1/30/2020,,unknown,Reduce family gatherings,Government announcement,http://www.beijing.gov.cn/zhengce/zhengcefagui/202001/t20200130_1621608.html,Liu Puxi,,
,5,China,municipal,Beijing,Businesses,Closing,full closure,theaters,,,,mandatory,municipal_government,new,1/30/2020,1/30/2020,,unknown,Closing the cinema,Government announcement,http://www.beijing.gov.cn/zhengce/zhengcefagui/202001/t20200130_1621608.html,Liu Puxi,,
,6,China,municipal,Beijing,Offices,Closing,Partial closure,,,,,mandatory,municipal_government,extension,1/31/2020,1/31/2020,2/10/2020,date_announced,"Qualified enterprises shall arrange employees to finish their work at home through telephone, Internet and other means",Government announcement,http://www.beijing.gov.cn/zhengce/zhengcefagui/202001/t20200131_1622070.html,Liu Puxi,,
,7,China,municipal,Beijing,Gatherings,L2 - Public gatherings,Cancellation,,,,,mandatory,municipal_government,new,1/31/2020,1/31/2020,,event_announced,"During the period of the epidemic, public and operational human resource service agencies at all levels in the city suspended the organization of local on-site recruitment activities",Government announcement,http://www.beijing.gov.cn/zhengce/zhengcefagui/202001/t20200131_1622074.html,Liu Puxi,,
,8,China,municipal,Beijing,Individual,Wearing a mask,Personal caregivers,,,,,mandatory,community,new,2/1/2020,2/1/2020,,unknown,The guard at the entrance and exit of the community should wear masks when working,Government announcement,http://www.beijing.gov.cn/zhengce/zhengcefagui/202002/t20200201_1622573.html,Liu Puxi,,
,9,China,municipal,Beijing,Businesses,Adapting,Hygene,restaurants,,,,mandatory,municipal_government,new,2/10/2020,2/10/2020,,unknown,The catering service operators in the whole city should strictly perform the standard operation according to the requirements of the food safety operation specification for catering service,Government announcement,http://www.beijing.gov.cn/zhengce/zhengcefagui/202002/t20200224_1666947.html,Liu Puxi,,
,10,China,municipal,Beijing,Domestic travel,Stay at home,All day,,,,,mandatory,police,new,2/10/2020,2/10/2020,,unknown,"Within 14 days before arriving in Beijing, those who leave the high incidence areas or have contact history with people in the high incidence areas shall not go out",Government announcement,http://www.beijing.gov.cn/zhengce/zhengcefagui/202002/t20200210_1627106.html,Liu Puxi,,
,10,China,municipal,Beijing,Gatherings,L3 - Private gatherings outside home,Cancellation,,,,,recommended,community,new,2/10/2020,2/10/2020,,unknown,People should reduce going out activities and not participate in parties and group activities,Government announcement,http://www.beijing.gov.cn/zhengce/zhengcefagui/202002/t20200210_1627107.html,Liu Puxi,,
,10,China,municipal,Beijing,Gatherings,L2 - Public gatherings,Cancellation,,,,,mandatory,community,new,2/10/2020,2/10/2020,,unknown,"All public places, such as recreational rooms and recreational rooms, which are not necessary for life in the community (Village), shall be closed.",Government announcement,http://www.beijing.gov.cn/zhengce/zhengcefagui/202002/t20200210_1627107.html,Liu Puxi,,
,11,China,municipal,Beijing,Offices,Adapting,Hygene,,,,,mandatory,municipal_government,new,2/11/2020,2/11/2020,,unknown,All municipal enterprises should strictly organize disinfection and safety inspection after returning to work.,Government announcement,http://www.beijing.gov.cn/zhengce/zhengcefagui/202002/t20200211_1628134.html,Liu Puxi,,
,11,China,municipal,Beijing,Offices,Adapting,Modifying hours,,,,,mandatory,municipal_government,new,2/11/2020,2/11/2020,,unknown,"If conditions permit, the municipal enterprises should implement the flexible working system and adopt the methods of remote office, wrong time, wrong peak and shift to work.",Government announcement,http://www.beijing.gov.cn/zhengce/zhengcefagui/202002/t20200211_1628134.html,Liu Puxi,,
,11,China,municipal,Beijing,Offices,Adapting,limiting numbers,,,,,mandatory,municipal_government,new,2/11/2020,2/11/2020,,unknown,"If conditions permit, the municipal enterprises should implement the flexible working system and adopt the methods of remote office, wrong time, wrong peak and shift to work.",Government announcement,http://www.beijing.gov.cn/zhengce/zhengcefagui/202002/t20200211_1628134.html,Liu Puxi,,
,11,China,municipal,Beijing,Offices,Adapting,Physical distancing,,,,,mandatory,municipal_government,new,2/11/2020,2/11/2020,,unknown,All municipal enterprises should strictly implement closed management of public places after returning to work,Government announcement,http://www.beijing.gov.cn/zhengce/zhengcefagui/202002/t20200211_1628134.html,Liu Puxi,,
,12,China,municipal,Beijing,Businesses,Adapting,Hygene,restaurants,,,,mandatory,municipal_government,new,2/11/2020,2/11/2020,,unknown,Ensure the health of employees in restaurants and canteens. Keep dining environment clean and airy.,Government announcement,http://www.beijing.gov.cn/zhengce/zhengcefagui/202002/t20200211_1628149.html,Liu Puxi,,
,12,China,municipal,Beijing,Businesses,Adapting,limiting numbers,restaurants,,,,mandatory,municipal_government,new,2/11/2020,2/11/2020,,unknown,Restaurant attendance should be controlled below 50%,Government announcement,http://www.beijing.gov.cn/zhengce/zhengcefagui/202002/t20200211_1628149.html,Liu Puxi,,
,13,China,municipal,Beijing,Individual,Wearing a mask,Healthcare workers,,,,,mandatory,health_ministry,new,1/30/2020,1/30/2020,,unknown,"Medical surgical masks, medical protective masks, goggles, isolation clothing and other protective articles shall be replaced in a timely manner.",Government announcement,http://wjw.beijing.gov.cn/wjwh/ztzl/xxgzbd/gzbdzcfg/202001/t20200130_1621783.html,Liu Puxi,,
,13,China,municipal,Beijing,Individual,Performing hand hygene,Healthcare workers,,,,,mandatory,health_ministry,new,1/30/2020,1/30/2020,,unknown,"When using protective equipment correctly, wash hands before wearing gloves, and wash hands with flowing water immediately after removing gloves or isolation clothing.",Government announcement,http://wjw.beijing.gov.cn/wjwh/ztzl/xxgzbd/gzbdzcfg/202001/t20200130_1621783.html,Liu Puxi,,
,13,China,municipal,Beijing,Individual,Using other PPE,Healthcare workers,,,,,mandatory,health_ministry,new,1/30/2020,1/30/2020,,unknown,"Strictly implement the requirements of ""medical staff hand hygiene standard""",Government announcement,http://wjw.beijing.gov.cn/wjwh/ztzl/xxgzbd/gzbdzcfg/202001/t20200130_1621783.html,Liu Puxi,,
,14,China,municipal,Beijing,Individual,Wearing a mask,Personal caregivers,,,,,mandatory,health_ministry,new,2/2/2020,2/2/2020,,unknown,Personnel should wear disposable medical masks during the whole process of on-site investigation,Government announcement,http://wjw.beijing.gov.cn/wjwh/ztzl/xxgzbd/gzbdzcfg/202002/t20200202_1622819.html,Liu Puxi,,
,14,China,municipal,Beijing,Individual,Performing hand hygene,Personal caregivers,,,,,mandatory,health_ministry,new,2/2/2020,2/2/2020,,unknown,"During on-site investigation, personnel should carry hand sanitizer and disposable gloves if possible",Government announcement,http://wjw.beijing.gov.cn/wjwh/ztzl/xxgzbd/gzbdzcfg/202002/t20200202_1622819.html,Liu Puxi,,
,14,China,municipal,Beijing,Individual,Using other PPE,Personal caregivers,,,,,mandatory,health_ministry,new,2/2/2020,2/2/2020,,unknown,"If the mask is suspected to be contaminated, the removed mask should be sprinkled with 1000mg / L chlorine containing disinfectant solution until it is completely wet",Government announcement,http://wjw.beijing.gov.cn/wjwh/ztzl/xxgzbd/gzbdzcfg/202002/t20200202_1622819.html,Liu Puxi,,
,15,China,municipal,Beijing,Individual,Wearing a mask,General public,,,,,recommended,health_ministry,new,2/2/2020,2/2/2020,,unknown,Guidelines for public wearing masks,Government announcement,http://wjw.beijing.gov.cn/wjwh/ztzl/xxgzbd/gzbdzcfg/202002/t20200202_1622813.html,Liu Puxi,,
,16,China,municipal,Beijing,Businesses,Adapting,Hygene,all_businesses,,,,recommended,health_ministry,new,2/4/2020,2/4/2020,,unknown,Guidelines for epidemic prevention and control in buildings and shopping malls,Government announcement,http://wjw.beijing.gov.cn/wjwh/ztzl/xxgzbd/gzbdzcfg/202002/t20200204_1624545.html,Liu Puxi,,
,17,China,municipal,Beijing,Gatherings,L4 - Private gatherings at home,Restriction,,,,,recommended,health_ministry,new,2/8/2020,2/8/2020,,unknown,Guidelines for prevention and control of residents in the community where the case is located,Government announcement,http://wjw.beijing.gov.cn/wjwh/ztzl/xxgzbd/gzbdzcfg/202002/t20200208_1626729.html,Liu Puxi,,
